,test_acc,test_f1,test_fpr,test_fnr,test_fpr_all,test_fpr_mean,test_fpr_diff,test_fnr_all,test_fnr_mean,test_fnr_diff
0,0.8675718015665796,0.8507884208048953,0.12430011198208286,0.14275551339815035,"[0.14864864864864866, 0.1791277258566978, 0.28205128205128205, 0.1111111111111111, 0.2376237623762376, 0.2553191489361702, 0.45864661654135336, 0.1643835616438356]",0.22961398214566706,0.10861112038132713,"[0.154434250764526, 0.1267387944358578, 0.15503875968992248, 0.21428571428571427, 0.17355371900826447, 0.21621621621621623, 0.045112781954887216, 0.1386861313868613]",0.1530082959677812,0.039684990673842055
