,test_acc,test_f1,test_fpr,test_fnr,test_fpr_all,test_fpr_mean,test_fpr_diff,test_fnr_all,test_fnr_mean,test_fnr_diff
0,0.8689295039164491,0.8545939056887962,0.135498320268757,0.12544462888309224,"[0.1472972972972973, 0.13239875389408098, 0.1794871794871795, 0.1259259259259259, 0.2871287128712871, 0.3049645390070922, 0.462406015037594, 0.18904109589041096]",0.22858118992635848,0.09625085983697827,"[0.15137614678899083, 0.18547140649149924, 0.21705426356589147, 0.2261904761904762, 0.1652892561983471, 0.19164619164619165, 0.023496240601503758, 0.11678832116788321]",0.15966403783134794,0.061870582947455066
