,test_acc,test_f1,test_fpr,test_fnr,test_fpr_all,test_fpr_mean,test_fpr_diff,test_fnr_all,test_fnr_mean,test_fnr_diff
0,0.7741935483870968,0.8245726770338003,0.3652436394997844,0.13902308105206657,"[0.336986301369863, 0.29772727272727273, 0.2304147465437788, 0.39215686274509803, 0.37894736842105264, 0.6575342465753424, 0.45555555555555555, 0.27755905511811024]",0.3783601761320092,0.09268833219225298,"[0.16279069767441862, 0.16531604538087522, 0.34334763948497854, 0.06779661016949153, 0.14860681114551083, 0.03278688524590164, 0.04181600955794504, 0.14068441064638784]",0.13789313866318864,0.06753749215683746
