,test_acc,test_f1,test_fpr,test_fnr,test_fpr_all,test_fpr_mean,test_fpr_diff,test_fnr_all,test_fnr_mean,test_fnr_diff
0,0.747394540942928,0.8228332753219632,0.5808538163001293,0.04830917874396135,"[0.5835616438356165, 0.5931818181818181, 0.5622119815668203, 0.5882352941176471, 0.5736842105263158, 0.9041095890410958, 0.6611111111111111, 0.44291338582677164]",0.6136261292758995,0.07371028072089028,"[0.059033989266547404, 0.05348460291734198, 0.07725321888412018, 0.01694915254237288, 0.043343653250773995, 0.0, 0.008363201911589008, 0.051330798479087454]",0.03871982715647911,0.02155582523029514
