,test_acc,test_f1,test_fpr,test_fnr,test_fpr_all,test_fpr_mean,test_fpr_diff,test_fnr_all,test_fnr_mean,test_fnr_diff
0,0.8790812452543659,0.7896995708154506,0.06935789758872934,0.24159797083069118,"[0.08643815201192251, 0.08472553699284009, 0.11764705882352941, 0.13793103448275862, 0.23529411764705882, 0.0, 0.13580246913580246, 0.1]",0.11222979613673897,0.06021137294519198,"[0.28296703296703296, 0.2375249500998004, 0.36538461538461536, 0.3684210526315789, 0.2222222222222222, 0.42857142857142855, 0.23711340206185566, 0.3333333333333333]",0.30944225465898345,0.07482761835534106
