,test_acc,test_f1,test_fpr,test_fnr,test_fpr_all,test_fpr_mean,test_fpr_diff,test_fnr_all,test_fnr_mean,test_fnr_diff
0,0.8659832953682612,0.7863196125907991,0.11595773503115687,0.17628408370323398,"[0.15201192250372578, 0.081145584725537, 0.11764705882352941, 0.20689655172413793, 0.47058823529411764, 0.2, 0.20987654320987653, 0.22]",0.20727073703511556,0.10001603958036363,"[0.24175824175824176, 0.23952095808383234, 0.36538461538461536, 0.2631578947368421, 0.1111111111111111, 0.42857142857142855, 0.15463917525773196, 0.26262626262626265]",0.25834621094125826,0.10376659749743047
