,test_acc,test_f1,test_fpr,test_fnr,test_fpr_all,test_fpr_mean,test_fpr_diff,test_fnr_all,test_fnr_mean,test_fnr_diff
0,0.6829329962073325,0.7497005988023951,0.5973581213307241,0.01726844583987441,"[0.5900621118012422, 0.2925531914893617, 0.3333333333333333, 1.0, 1.0, 0.52, 0.35714285714285715]",0.5847273562523991,0.24271183860362538,"[0.013333333333333334, 0.04084720121028744, 0.0625, 0.0, 0.0, 0.0, 0.0, 0.0]",0.014585066817952597,0.019885956404556468
