,test_acc,test_f1,test_fpr,test_fnr,test_fpr_all,test_fpr_mean,test_fpr_diff,test_fnr_all,test_fnr_mean,test_fnr_diff
0,0.9163084702907712,0.9125495376486129,0.07191780821917808,0.09628466771323914,"[0.13664596273291926, 0.22340425531914893, 0.3333333333333333, 1.0, 1.0, 0.04, 0.07142857142857142]",0.4006874461162818,0.33802879361418514,"[0.07, 0.05446293494704992, 0.0625, 0.0, 0.0064516129032258064, 0.0, 0.14285714285714285, 0.0]",0.04203396133842732,0.06589382516078775
