,test_acc,test_f1,test_fpr,test_fnr,test_fpr_all,test_fpr_mean,test_fpr_diff,test_fnr_all,test_fnr_mean,test_fnr_diff
0,0.912488321395204,0.9508827128124453,0.45454545454545453,0.03750884642604388,"[0.5434782608695652, 0.4, 0.0, 0.6666666666666666, 0.6, 0.4, 0.40625, 0.5]",0.439549365942029,0.13798686594202897,"[0.032520325203252036, 0.06989247311827956, 0.1111111111111111, 0.045454545454545456, 0.25, 0.21875, 0.08602150537634409, 0.07167235494880546]",0.11067778940154221,0.07441607328119629
