,test_acc,test_f1,test_fpr,test_fnr,test_fpr_all,test_fpr_mean,test_fpr_diff,test_fnr_all,test_fnr_mean,test_fnr_diff
0,0.8797882279663656,0.9360079575596816,0.9948051948051948,0.0010615711252653928,"[1.0, 0.96, 1.0, 1.0, 1.0, 1.0, 1.0, 0.9772727272727273]",0.9921590909090909,0.010438311688311691,"[0.0040650406504065045, 0.016129032258064516, 0.0, 0.0, 0.0, 0.0, 0.0, 0.006825938566552901]",0.0033775014343779904,0.0036428942156943385
